"year","agriculture","industries","municipalities","water_withdrawals","population"
1960,1481,339,118,1938,3032.15607
1970,1743,547,160,2450,3681.975908
1980,2112,713,219,3044,4432.963653
1990,2425,735,305,3465,5280.062644
2000,2605,776,384,3765,6114.324044
2010,2799,731,470,4000,6921.854591
2018,2950,646,483,4079,7602.716232